{
  "releases": [
    {
      "code": "27953cf2-397a-4074-8730-bfa56d02e465",
      "version": "1.2.000",
      "url": "https://wsys.atlassian.net/l/cp/8XFJ7c9b",
      "date": "2023-05-08T00:00:00"
    },
    {
      "code": "1bd95916-4b17-4af7-b3ed-1817e2a1df6f",
      "version": "1.3.000",
      "url": "https://wsys.atlassian.net/wiki/x/O4DGgw",
      "date": "2023-06-07T00:00:00"
    },
    {
      "code": "1d98ca68-a2f5-4b97-983d-e0db8e1d42f8",
      "version": "1.3.002",
      "url": "https://wsys.atlassian.net/wiki/x/KgAthQ",
      "date": "2023-07-07T00:00:00"
    },
    {
      "code": "b74ab48f-176c-411b-8417-659942ea92d7",
      "version": "1.3.003",
      "url": "https://wsys.atlassian.net/wiki/x/JIBWhg",
      "date": "2023-08-07T00:00:00"
    },
    {
      "code": "77e1d932-d8ca-4c48-9596-2cf15c3f7bdc",
      "version": "1.3.004",
      "url": "https://wsys.atlassian.net/wiki/x/GIB0hw",
      "date": "2023-09-08T00:00:00"
    },
    {
      "code": "8efda6ab-9025-44a3-a034-06ade4735de7",
      "version": "1.3.005",
      "url": "https://wsys.atlassian.net/wiki/x/IwCri",
      "date": "2023-10-06T00:00:00"
    },
    {
      "code": "07a5ebbc-80d4-4611-a238-ad23ed186917",
      "version": "1.3.006",
      "url": "https://wsys.atlassian.net/wiki/x/BgARig",
      "date": "2023-11-08T00:00:00"
    },
    {
      "code": "3d1ac6b4-0db0-4d49-8049-7e96c13298d2",
      "version": "1.3.007",
      "url": "https://wsys.atlassian.net/wiki/x/G4BDiw",
      "date": "2023-12-08T00:00:00"
    },
    {
      "code": "9721f874-abc3-401d-8662-da4c7daf89e3",
      "version": "1.3.008",
      "url": "https://wsys.atlassian.net/wiki/x/BwCnj",
      "date": "2024-01-12T00:00:00"
    },
    {
      "code": "e907fe4b-a0ca-4495-882c-fc9736a85cc2",
      "version": "1.3.009",
      "url": "https://wsys.atlassian.net/wiki/x/D4ABjg",
      "date": "2024-02-12T00:00:00"
    },
    {
      "code": "c1d722d9-5b78-4f9c-853c-f097d6ae4136",
      "version": "1.4.000",
      "url": "https://wsys.atlassian.net/wiki/x/DYCwjw",
      "date": "2024-03-11T00:00:00"
    },
    {
      "code": "8229ba85-0ac0-466a-92f7-bf93ec951a01",
      "version": "1.4.001",
      "url": "https://wsys.atlassian.net/wiki/x/DIDkkQ",
      "date": "2024-04-10T00:00:00"
    },
    {
      "code": "14002",
      "version": "1.4.002",
      "url": "https://wsys.atlassian.net/wiki/x/CoALl",
      "date": "2024-05-15T00:00:00"
    },
    {
      "code": "14003",
      "version": "1.4.003",
      "url": "https://wsys.atlassian.net/wiki/x/AYDzlg",
      "date": "2024-06-14T00:00:00"
    },
    {
      "code": "14004",
      "version": "1.4.004",
      "url": "https://wsys.atlassian.net/wiki/x/IQCSmQ",
      "date": "2024-07-15T00:00:00"
    },
    {
      "code": "14005",
      "version": "1.4.005",
      "url": "https://wsys.atlassian.net/wiki/x/FQC2mw",
      "date": "2024-09-16T00:00:00"
    },
    {
      "code": "14006",
      "version": "1.4.006.25",
      "url": "https://wsys.atlassian.net/wiki/x/AgAnoQ",
      "date": "2025-01-28T00:00:00"
    },
    {
      "code": "14007",
      "version": "1.4.007",
      "url": "https://wsys.atlassian.net/wiki/x/AYDGow",
      "date": "2025-01-29T00:00:00"
    },
    {
      "code": "14008",
      "version": "1.4.008",
      "url": "https://wsys.atlassian.net/wiki/x/AYAKr",
      "date": "2025-02-28T00:00:00"
    },
    {
      "code": "14009",
      "version": "1.4.009",
      "url": "https://wsys.atlassian.net/wiki/x/AoC6rw",
      "date": "2025-04-02T00:00:00"
    },
    {
      "code": "14010",
      "version": "1.4.010",
      "url": "https://wsys.atlassian.net/wiki/x/BACnsg",
      "date": "2025-05-02T00:00:00"
    },
    {
      "code": "14011",
      "version": "1.4.011",
      "url": "https://wsys.atlassian.net/wiki/x/AgCvtQ",
      "date": "2025-07-15T00:00:00"
    },
    {
      "code": "14012",
      "version": "1.4.012",
      "url": "https://wsys.atlassian.net/wiki/x/DwCRu",
      "date": "2025-08-18T00:00:00"
    },
    {
      "code": "14013",
      "version": "1.4.013",
      "url": "https://wsys.atlassian.net/wiki/x/G4Cyvg",
      "date": "2025-09-22T00:00:00"
    }
  ]
}
